new_type,Screenline,AADT,Description
59,J,22232.21667,W of SR 509
61,K,30790.45,W of Des Moines Mem'l N of 176th
62,L,28231.81,W of 24th Ave S
63,M,109861.1933,W of SR 99
68,N,208727.5417,W of IH 5
69,O,5136.175,E of Des Moines Mem'l S of 188th
80,A,84474.65667,S of S 128th St
81,B,48532.53333,S of S 144th St
82,C,66919.50667,N of SEA Airport
83,D,218251.0033,N of S 160th St
84,E,56245.33,Expy/SR 99/Cargo N of S 170th St
85,F,290943.4033,S of SEA Airport
86,G,216377.0733,N of S 200th St
